City_ID,City,Lat,Lng,Max Temp,Humidity,Cloudiness,Wind Speed,Country,Date
0,east london,-33.0153,27.9116,68.94,77,0,9.22,ZA,1679164181
1,faanui,-16.4833,-151.75,82.44,77,100,14.7,PF,1679164182
2,vostok,46.4856,135.8833,15.04,92,86,6.11,RU,1679164183
3,barrow,71.2906,-156.7887,-20.18,69,0,11.5,US,1679164183
4,pathein,16.7833,94.7333,76.55,77,2,4.65,MM,1679164183
5,bunda,-2.05,33.8667,68.2,85,96,5.73,TZ,1679164184
6,tasiilaq,65.6145,-37.6368,12.36,74,42,3.33,GL,1679164184
7,lata,40.1629,-8.3327,58.91,85,96,5.99,PT,1679164184
8,bonavista,48.6499,-53.1147,32.43,97,100,11.5,CA,1679164185
9,hermanus,-34.4187,19.2345,63.81,72,85,11.95,ZA,1679164185
10,nantucket,41.2835,-70.0995,48.34,82,100,9.22,US,1679164185
11,talnakh,69.4865,88.3972,-27.53,99,64,6.46,RU,1679164186
12,albany,42.6001,-73.9662,44.46,50,43,1.01,US,1679164187
13,nikolskoye,59.7035,30.7861,40.89,73,100,14.65,RU,1679164188
14,bethel,41.3712,-73.414,52.02,45,0,11.5,US,1679164189
15,avarua,-21.2078,-159.775,80.65,89,75,4.61,CK,1679164190
16,dikson,73.5069,80.5464,-27.44,100,95,3.6,RU,1679164191
17,jamestown,42.097,-79.2353,33.39,62,100,18.41,US,1679164194
18,ushuaia,-54.8,-68.3,49.66,62,0,1.14,AR,1679164151
19,vaini,-21.2,-175.2,77.16,94,75,9.22,TO,1679164195
20,bredasdorp,-34.5322,20.0403,66.0,63,94,9.64,ZA,1679164196
21,atuona,-9.8,-139.0333,80.19,79,47,17.9,PF,1679164197
22,cabedelo,-6.9811,-34.8339,77.67,66,37,12.08,BR,1679163996
23,port alfred,-33.5906,26.891,68.18,85,82,3.0,ZA,1679164198
24,busselton,-33.65,115.3333,58.21,84,0,14.56,AU,1679164198
25,katsuura,35.1333,140.3,48.47,78,100,14.65,JP,1679164200
26,mataura,-46.1927,168.8643,48.52,74,6,3.98,NZ,1679164202
27,kieta,-6.2167,155.6333,78.21,84,12,0.76,PG,1679164204
28,srednekolymsk,67.45,153.6833,-7.96,98,16,4.27,RU,1679164208
29,kapaa,22.0752,-159.319,75.18,87,0,5.75,US,1679164210
30,chemin grenier,-20.4872,57.4656,76.59,84,100,2.98,MU,1679164212
31,kribi,2.95,9.9167,80.37,81,100,6.64,CM,1679164213
32,longyearbyen,78.2186,15.6401,10.24,79,75,8.05,SJ,1679164214
33,luau,-10.7073,22.2247,64.8,97,100,5.46,AO,1679164234
34,hirara,24.8,125.2833,69.66,88,100,14.97,JP,1679164235
35,hobart,-42.8794,147.3294,58.26,87,100,0.0,AU,1679164236
36,airai,-8.9266,125.4092,57.92,92,69,1.5,TL,1679164236
37,kodiak,57.79,-152.4072,22.51,93,0,5.75,US,1679163994
38,meulaboh,4.1363,96.1285,77.74,88,100,2.84,ID,1679164238
39,labuhan,-6.8844,112.2051,78.55,82,100,3.53,ID,1679164238
40,charlestown,-32.95,151.6667,71.82,96,0,1.99,AU,1679164239
41,tambopata,-12.7333,-69.1833,91.29,55,40,8.05,PE,1679164239
42,hasaki,35.7333,140.8333,42.22,57,100,21.25,JP,1679164241
43,kahului,20.8947,-156.47,78.84,77,20,1.01,US,1679164040
44,haines junction,60.7522,-137.5108,19.35,86,100,1.14,CA,1679164242
45,namibe,-15.1961,12.1522,74.71,84,94,6.51,AO,1679164242
46,fortuna,40.5982,-124.1573,55.92,81,0,5.99,US,1679164243
47,ambunti,-4.2365,142.8448,71.98,100,100,1.12,PG,1679164243
48,dingle,10.9995,122.6711,75.09,90,100,8.25,PH,1679164244
49,hithadhoo,-0.6,73.0833,82.09,74,100,5.99,MV,1679164244
50,johi,26.6921,67.6133,75.47,52,86,5.03,PK,1679164246
51,guerrero negro,27.9769,-114.0611,69.96,34,7,1.52,MX,1679164246
52,lavrentiya,65.5833,-171.0,-1.89,100,100,1.52,RU,1679164247
53,vanavara,60.34,102.2797,30.72,92,100,9.24,RU,1679164247
54,deputatskiy,69.3,139.9,-10.12,98,100,4.65,RU,1679164248
55,rikitea,-23.1203,-134.9692,79.68,77,64,14.94,PF,1679164249
56,westport,41.1415,-73.3579,53.2,42,0,11.5,US,1679164250
57,castro,-24.7911,-50.0119,76.62,56,0,6.44,BR,1679164250
58,batsfjord,70.6345,29.7185,28.33,93,100,11.5,NO,1679164251
59,dolinsk,47.35,142.8,21.69,87,16,6.33,RU,1679164251
60,new norfolk,-42.7826,147.0587,57.92,58,99,4.0,AU,1679164252
61,bluff,-46.6,168.3333,55.11,79,6,11.99,NZ,1679164253
62,yellowknife,62.456,-114.3525,18.12,67,20,11.5,CA,1679164254
63,ribeira grande,38.5167,-28.7,63.0,94,75,23.0,PT,1679164254
64,anadyr,64.75,177.4833,19.9,79,20,6.71,RU,1679164097
65,thompson,55.7435,-97.8558,21.36,63,40,9.22,CA,1679164256
66,rafaela,-31.2503,-61.4867,93.97,34,90,3.0,AR,1679164257
67,cabo san lucas,22.8909,-109.9124,81.61,63,20,3.44,MX,1679164258
68,hambantota,6.1241,81.1185,79.14,100,20,2.3,LK,1679164258
69,upernavik,72.7868,-56.1549,-4.92,99,91,10.2,GL,1679164259
70,shimsk,58.212,30.7127,32.38,78,100,13.96,RU,1679164260
71,bako,5.7833,36.5667,62.24,88,100,4.27,ET,1679164261
72,butaritari,3.0707,172.7902,80.74,69,100,6.67,KI,1679164261
73,puerto ayora,-0.7393,-90.3518,85.96,82,78,8.01,EC,1679164184
74,namtsy,62.7161,129.6658,3.02,81,100,12.64,RU,1679164262
75,sao jose da coroa grande,-8.8978,-35.1478,82.98,67,50,12.1,BR,1679164263
76,hilo,19.7297,-155.09,77.61,72,20,6.91,US,1679164047
77,guna,24.65,77.3167,68.45,65,6,7.72,IN,1679164264
78,khani,41.9563,42.9566,44.17,79,14,3.22,GE,1679164265
79,saint-philippe,-21.3585,55.7679,80.19,82,100,1.25,RE,1679164265
80,nelson bay,-32.7167,152.15,72.09,97,0,5.01,AU,1679164266
81,doka,13.5167,35.7667,88.47,15,100,13.29,SD,1679164266
82,west bay,19.3667,-81.4167,84.27,75,75,11.5,KY,1679164267
83,yumen,40.2833,97.2,40.53,34,91,7.99,CN,1679164268
84,homer,59.6425,-151.5483,30.79,70,100,14.0,US,1679164268
85,san patricio,28.017,-97.5169,55.26,57,100,17.87,US,1679164269
86,holoby,51.0865,25.0077,38.93,82,48,11.16,UA,1679164112
87,minyar,55.0709,57.5485,26.62,75,71,10.29,RU,1679164270
88,kiunga,-6.1219,141.2906,72.57,99,100,0.56,PG,1679164271
89,arraial do cabo,-22.9661,-42.0278,85.96,58,20,11.5,BR,1679164272
90,pisco,-13.7,-76.2167,80.02,73,0,11.5,PE,1679164259
91,carnarvon,-24.8667,113.6333,73.26,67,0,20.2,AU,1679164275
92,emerald,-23.5333,148.1667,66.34,86,3,6.06,AU,1679164276
93,kingaroy,-26.5333,151.8333,64.24,94,37,3.87,AU,1679164278
94,klichka,50.4457,117.996,6.35,94,5,4.94,RU,1679164279
95,kapit,2.0167,112.9333,74.05,100,100,0.58,MY,1679164280
96,bud,39.447,-86.1758,29.41,62,98,19.15,US,1679164280
97,ojinaga,29.5667,-104.4167,45.41,87,100,14.97,MX,1679164281
98,kabompo,-13.5927,24.2008,64.71,97,100,6.22,ZM,1679164282
99,hofn,64.2539,-15.2082,34.07,91,96,5.93,IS,1679164282
100,tuktoyaktuk,69.4541,-133.0374,-13.0,77,75,6.91,CA,1679164284
101,horki,54.2861,30.9842,28.65,80,29,10.78,BY,1679164285
102,kamenka,51.3223,42.7678,33.82,89,100,14.63,RU,1679164286
103,la fria,8.2203,-72.2439,82.51,64,51,4.25,VE,1679164286
104,severodvinsk,64.5635,39.8302,33.91,80,100,18.95,RU,1679164033
105,port augusta,-32.5,137.7667,69.82,71,19,11.65,AU,1679164288
106,honiara,-9.4333,159.95,77.63,87,100,1.45,SB,1679164289
107,buraydah,26.326,43.975,72.05,52,34,18.61,SA,1679163941
108,kanigoro,-8.13,112.219,73.24,93,99,2.75,ID,1679164294
109,qaanaaq,77.484,-69.3632,-12.71,80,0,6.4,GL,1679164201
110,narsaq,60.9167,-46.05,43.02,74,100,0.81,GL,1679164295
111,omemee,44.299,-78.5599,31.87,64,100,20.71,CA,1679164295
112,khatanga,71.9667,102.5,-28.79,96,100,9.51,RU,1679164297
113,marrakesh,31.6315,-8.0083,69.87,37,40,10.36,MA,1679164130
114,sao joao da barra,-21.6403,-41.0511,87.89,76,9,11.21,BR,1679164298
115,scarborough,54.2797,-0.4044,51.37,88,68,5.19,GB,1679164222
116,constitucion,-35.3333,-72.4167,71.62,64,16,15.95,CL,1679164299
117,port elizabeth,-33.918,25.5701,70.11,90,0,8.05,ZA,1679164167
118,mar del plata,-38.0023,-57.5575,68.83,64,67,12.33,AR,1679164050
119,maniitsoq,65.4167,-52.9,29.32,83,100,6.64,GL,1679164301
120,tiksi,71.6872,128.8694,-16.13,95,100,14.45,RU,1679164301
121,lagoa,39.05,-27.9833,61.11,86,100,23.53,PT,1679164302
122,iqaluit,63.7506,-68.5145,-15.07,70,20,24.16,CA,1679164303
123,lebu,-37.6167,-73.65,61.92,72,5,13.98,CL,1679164303
124,punta arenas,-53.15,-70.9167,51.91,54,75,25.32,CL,1679164257
125,kodinsk,58.6881,99.1844,32.79,96,100,6.96,RU,1679164305
126,lorengau,-2.0226,147.2712,78.76,84,98,2.86,PG,1679164306
127,alofi,-19.0595,-169.9187,76.89,94,99,3.44,NU,1679164307
128,ancud,-41.8697,-73.8203,60.26,59,0,7.74,CL,1679164307
129,visby,57.6409,18.296,40.05,87,75,13.8,SE,1679164309
130,dukat,62.55,155.55,6.93,89,100,11.21,RU,1679164310
131,vardo,70.3705,31.1107,28.38,86,100,17.27,NO,1679164310
132,state college,40.7934,-77.86,41.81,45,75,15.99,US,1679164311
133,lompoc,34.6391,-120.4579,71.74,52,0,20.0,US,1679164311
134,albanel,48.8832,-72.4487,32.14,64,61,10.36,CA,1679164312
135,codrington,-38.2667,141.9667,59.07,78,100,8.9,AU,1679164313
136,victoria,22.2855,114.1577,71.65,88,55,11.99,HK,1679164033
137,ponta do sol,32.6667,-17.1,67.71,72,79,0.98,PT,1679164048
138,atasu,48.6814,71.6433,14.41,98,96,2.98,KZ,1679164314
139,bandarbeyla,9.4942,50.8122,80.71,84,95,10.65,SO,1679164315
140,chuy,-33.6971,-53.4616,77.49,77,100,10.07,UY,1679164317
141,kandrian,-6.2167,149.55,76.01,89,22,2.75,PG,1679164318
142,puerto santander,8.3636,-72.4063,83.61,55,52,4.88,CO,1679164318
143,bealanana,-14.55,48.7333,65.71,96,81,1.63,MG,1679164101
144,tual,-5.6667,132.75,83.03,72,76,6.42,ID,1679164320
145,cape town,-33.9258,18.4232,66.11,80,20,9.22,ZA,1679164279
146,high level,58.5169,-117.136,28.51,69,0,0.0,CA,1679164321
147,hay river,60.8156,-115.7999,13.96,72,20,4.61,CA,1679164323
148,pithapuram,17.1167,82.2667,72.36,90,100,4.38,IN,1679164324
149,sitka,57.0531,-135.33,49.89,43,40,25.32,US,1679164324
150,saint-joseph,-21.3667,55.6167,79.18,81,94,1.9,RE,1679164205
151,recco,44.3623,9.1435,57.67,80,100,3.94,IT,1679164326
152,qui nhon,13.7667,109.2333,72.12,86,96,4.18,VN,1679164327
153,palmer,42.1584,-72.3287,50.65,40,75,13.8,US,1679164327
154,pangnirtung,66.1451,-65.7125,-13.0,70,20,5.75,CA,1679164328
155,nagapattinam,10.7667,79.8333,79.41,81,10,11.41,IN,1679164328
156,kholodnyy,62.7167,147.95,-8.12,100,100,1.83,RU,1679164329
157,isabela,6.7085,121.9711,77.05,85,63,3.18,PH,1679164330
158,tucuma,-0.1833,-50.05,82.67,64,93,7.65,BR,1679164331
159,nyurba,63.2842,118.3319,2.5,92,100,9.22,RU,1679164332
160,sioux lookout,50.1001,-91.917,15.87,57,40,16.11,CA,1679164333
161,mindelo,16.8901,-24.9804,76.55,61,20,21.85,CV,1679164333
162,faya,18.3851,42.4509,60.91,60,13,5.35,SA,1679164334
163,inhambane,-23.865,35.3833,78.78,83,20,8.52,MZ,1679164334
164,beringovskiy,63.05,179.3167,19.6,95,96,10.74,RU,1679164336
165,igrim,63.1906,64.4162,15.53,86,13,8.88,RU,1679164338
166,dumas,35.8656,-101.9732,42.62,26,40,9.22,US,1679164338
167,bukachacha,52.9833,116.9167,12.24,96,41,2.17,RU,1679164339
168,komsomolets,53.7453,62.0708,26.17,81,100,13.98,KZ,1679164340
169,pitimbu,-7.4706,-34.8086,77.59,67,96,9.89,BR,1679164341
170,manaskent,42.7275,47.6785,49.42,87,40,4.47,RU,1679164341
171,payo,-3.7508,103.6372,72.61,98,100,0.69,ID,1679164343
172,kruisfontein,-34.0033,24.7314,67.89,90,74,4.38,ZA,1679164343
173,kavieng,-2.5744,150.7967,80.78,78,19,6.91,PG,1679164345
174,rabo de peixe,37.8,-25.5833,62.11,82,75,12.66,PT,1679164347
175,port blair,11.6667,92.75,79.52,76,97,5.99,IN,1679164348
176,karratha,-20.7377,116.8463,89.2,27,0,8.84,AU,1679164348
177,husavik,66.0449,-17.3389,28.2,95,100,24.96,IS,1679164349
178,lermontovka,47.1453,134.3383,17.4,95,25,3.51,RU,1679164352
179,chunskiy,56.0815,99.6342,18.23,99,45,3.38,RU,1679164353
180,lipari,38.4674,14.954,56.21,56,10,1.88,IT,1679164354
181,riyadh,24.6877,46.7219,69.94,43,99,10.74,SA,1679164148
182,phangnga,8.4509,98.5298,80.64,85,99,4.29,TH,1679164355
183,clarksburg,39.2807,-80.3445,45.05,39,100,21.85,US,1679164153
184,kenai,60.5544,-151.2583,30.15,73,100,17.27,US,1679164357
185,amahai,-3.3333,128.9167,78.03,84,100,3.0,ID,1679164359
186,fort nelson,58.8053,-122.7002,35.94,49,0,3.0,CA,1679164359
187,saint-pierre,-21.3393,55.4781,80.28,78,75,2.3,RE,1679164360
188,zharkent,44.1628,80.0,32.25,44,100,16.22,KZ,1679164360
189,ust-ilimsk,58.0006,102.6619,32.9,96,100,10.51,RU,1679164138
190,severo-kurilsk,50.6789,156.125,26.17,84,56,9.73,RU,1679164364
191,bengkulu,-3.8004,102.2655,75.56,91,100,5.19,ID,1679164365
192,tweed,44.4751,-77.3162,38.23,75,22,14.94,CA,1679164366
193,camacha,33.0833,-16.3333,62.02,68,40,10.36,PT,1679164366
194,nalut,30.3333,10.85,67.59,22,6,13.62,LY,1679164372
195,te anau,-45.4167,167.7167,54.27,87,94,3.56,NZ,1679164372
196,dwarka,22.2394,68.9678,76.32,80,0,12.77,IN,1679164374
197,chokurdakh,70.6333,147.9167,-6.99,87,100,11.95,RU,1679164374
198,manicore,-5.8092,-61.3003,87.06,57,100,1.16,BR,1679164375
199,turkistan,43.0,68.0,42.4,25,0,28.05,KZ,1679164375
200,port hardy,50.6996,-127.4199,46.58,66,40,20.71,CA,1679164376
201,mayo,38.8876,-76.5119,53.11,32,0,13.0,US,1679164377
202,weston,26.1004,-80.3998,88.02,59,8,10.0,US,1679164378
203,norman wells,65.282,-126.8329,-2.16,65,20,0.0,CA,1679164378
204,margate,51.3813,1.3862,50.88,82,15,1.99,GB,1679164380
205,gerash,27.6652,54.1371,64.54,23,0,4.61,IR,1679164381
206,yulara,-25.2406,130.9889,81.01,21,99,8.05,AU,1679164381
207,pevek,69.7008,170.3133,20.21,78,100,20.45,RU,1679164382
208,coquimbo,-29.9533,-71.3436,71.33,68,20,13.8,CL,1679164305
209,nador,35.174,-2.9287,64.47,63,0,10.36,MA,1679164384
210,noumea,-22.2763,166.4572,81.0,99,39,11.99,NC,1679164316
211,aklavik,68.2191,-135.0107,3.2,66,75,9.22,CA,1679164385
212,kattivakkam,13.2167,80.3167,83.07,85,98,9.8,IN,1679164386
213,kawalu,-7.3817,108.2082,72.84,95,100,1.9,ID,1679164387
214,eyl,7.9803,49.8164,80.24,81,63,10.42,SO,1679164387
215,taltal,-25.4,-70.4833,73.36,71,27,8.32,CL,1679164388
216,alekseyevsk,57.8406,108.3492,33.66,98,100,12.46,RU,1679164388
217,kurumkan,54.3,110.3,18.48,88,100,4.61,RU,1679164389
218,sechura,-5.5569,-80.8222,85.66,58,100,8.39,PE,1679164389
219,chicama,-7.8447,-79.1469,82.94,61,52,9.82,PE,1679164390
220,bilibino,68.0546,166.4372,5.99,97,100,4.09,RU,1679164392
221,cap malheureux,-19.9842,57.6142,77.47,80,100,3.0,MU,1679164393
222,shelburne,44.0787,-80.2041,26.91,74,100,19.15,CA,1679164393
223,pauini,-7.7136,-66.9764,79.43,83,100,2.82,BR,1679164394
224,havre-saint-pierre,50.2334,-63.5986,32.36,93,100,9.22,CA,1679164396
225,arcata,40.8665,-124.0828,56.19,81,0,0.0,US,1679164397
226,saldanha,-33.0117,17.9442,66.25,73,100,4.97,ZA,1679164400
227,sao filipe,14.8961,-24.4956,72.54,77,3,14.9,CV,1679164401
228,wenling,28.3669,121.36,49.1,87,100,8.48,CN,1679164402
229,ormara,25.2088,64.6357,75.63,75,0,4.47,PK,1679164402
230,salalah,17.0151,54.0924,80.69,78,40,6.91,OM,1679164403
231,seoul,37.5683,126.9778,36.84,90,0,3.44,KR,1679164404
232,kaitangata,-46.2817,169.8464,48.52,78,3,4.85,NZ,1679164405
233,ligayan,4.6533,119.4706,81.95,74,86,2.98,PH,1679164407
234,andenes,69.3143,16.1194,33.78,64,75,19.57,NO,1679164407
235,cururupu,-1.8283,-44.8683,73.76,95,100,2.01,BR,1679164408
236,yueyang,29.3333,113.0919,45.52,94,100,5.88,CN,1679164408
237,bambous virieux,-20.3428,57.7575,77.25,94,40,3.44,MU,1679164409
238,machico,32.7,-16.7667,65.12,63,20,13.8,PT,1679164410
239,mwene-ditu,-7.0,23.45,63.12,97,100,4.74,CD,1679164411
240,umm kaddadah,13.6017,26.6876,84.87,9,97,11.88,SD,1679164412
241,geraldton,-28.7667,114.6,61.21,72,100,10.36,AU,1679164413
242,mount gambier,-37.8333,140.7667,58.71,80,100,5.64,AU,1679164413
243,ambon,-3.6954,128.1814,77.23,16,40,3.44,ID,1679164414
244,mahajanga,-15.7167,46.3167,84.22,74,20,4.61,MG,1679164414
245,georgetown,5.4112,100.3354,80.55,83,20,3.44,MY,1679164337
246,port keats,-14.25,129.55,75.43,88,72,6.4,AU,1679164415
247,okhotsk,59.3833,143.3,6.1,97,100,3.78,RU,1679164417
248,kristiansund,63.1115,7.732,36.25,80,100,0.0,NO,1679164279
249,souillac,-20.5167,57.5167,77.38,94,40,3.44,MU,1679164418
250,itarema,-2.9248,-39.9167,81.36,74,70,6.49,BR,1679164418
251,lucapa,-8.4192,20.7447,64.76,99,100,3.89,AO,1679164419
252,esperance,-33.8667,121.9,60.96,78,0,5.1,AU,1679164419
253,mitsamiouli,-11.3847,43.2844,82.47,75,63,6.73,KM,1679164420
254,cidreira,-30.1811,-50.2056,79.54,72,0,12.68,BR,1679164421
255,axim,4.8699,-2.2405,80.19,75,100,8.61,GH,1679164424
256,barreiras,-12.1528,-44.99,74.98,88,100,2.98,BR,1679164424
257,muisne,0.6,-80.0333,83.17,70,58,7.27,EC,1679164425
258,manokwari,-0.8667,134.0833,77.29,85,100,3.6,ID,1679164425
259,ramhormoz,31.28,49.6035,68.58,39,0,4.88,IR,1679164426
260,mezen,65.8522,44.24,27.32,89,100,13.85,RU,1679164426
261,evensk,61.95,159.2333,2.77,99,52,3.69,RU,1679164427
262,matagami,49.7502,-77.6328,21.31,63,75,16.11,CA,1679164428
263,bambanglipuro,-7.95,110.2833,76.82,89,100,2.84,ID,1679164429
264,saint george,37.1041,-113.5841,53.94,27,0,5.01,US,1679164134
265,mehamn,71.0357,27.8492,28.35,86,100,4.61,NO,1679164430
266,tepalcatepec,19.1833,-102.85,92.43,22,0,5.19,MX,1679164430
267,derzhavinsk,51.1,66.3167,23.13,92,80,8.12,KZ,1679164431
268,cayenne,4.9333,-52.3333,86.04,54,20,11.5,GF,1679164204
269,nanortalik,60.1432,-45.2371,32.67,69,97,6.22,GL,1679164432
270,iringa,-7.7667,35.7,65.52,68,20,5.75,TZ,1679164433
271,hue,16.4667,107.6,71.71,94,75,1.14,VN,1679164434
272,zhangye,38.9342,100.4517,44.24,40,71,3.38,CN,1679164435
273,fortuna foothills,32.6578,-114.4119,71.65,23,0,10.36,US,1679164436
274,christchurch,-43.5333,172.6333,52.95,91,6,3.44,NZ,1679164391
275,ostrovnoy,68.0531,39.5131,28.67,89,100,28.61,RU,1679164438
276,panaba,21.2833,-88.2667,94.19,36,0,5.99,MX,1679164438
277,teacapan,22.55,-105.75,78.76,47,100,12.21,MX,1679164439
278,svetlogorsk,52.6333,29.7333,34.25,58,6,6.96,BY,1679164360
279,ayr,55.4627,-4.6339,46.31,93,75,4.61,GB,1679164440
280,maniwaki,46.3834,-75.966,34.18,51,100,9.22,CA,1679164441
281,morehead,37.2711,-87.1764,41.99,49,75,14.97,US,1679164443
282,laguna,38.421,-121.4238,68.97,62,0,4.61,US,1679164444
283,luziania,-16.2525,-47.9503,80.29,61,100,6.64,BR,1679164445
284,kuching,1.55,110.3333,80.04,91,40,2.3,MY,1679164445
285,hernani,43.2662,-1.9762,57.42,83,75,11.5,ES,1679164446
286,tonantins,-2.8731,-67.8022,92.23,51,99,1.03,BR,1679164446
287,kununurra,-15.7667,128.7333,76.98,88,40,0.0,AU,1679164447
288,general roca,-39.0333,-67.5833,60.64,77,100,11.34,AR,1679164448
289,mackay,-21.15,149.2,77.68,69,100,16.31,AU,1679164448
290,lakatoro,-16.0999,167.4164,79.27,84,79,4.43,VU,1679164449
291,luderitz,-26.6481,15.1594,63.19,80,100,7.31,NA,1679164450
292,caraballeda,10.6112,-66.8522,90.86,52,31,16.11,VE,1679164451
293,teknaf,20.8624,92.3058,72.75,72,50,4.52,BD,1679164452
294,bodinayakkanur,10.0167,77.35,73.6,85,95,1.23,IN,1679164453
295,shakawe,-18.3667,21.85,72.52,52,2,6.35,BW,1679164453
296,khandagayty,50.7333,92.05,11.17,85,21,5.66,RU,1679164454
297,paraiso,9.8383,-83.8656,78.42,76,45,3.67,CR,1679164455
298,altamira,-3.2033,-52.2064,89.69,55,75,5.75,BR,1679164455
299,banjar,-8.19,114.9675,77.07,91,100,2.48,ID,1679164456
300,varkkallai,8.7341,76.7067,83.98,80,6,1.07,IN,1679164457
301,artesia,33.8658,-118.0831,77.49,34,0,16.11,US,1679164458
302,pithoragarh,29.5833,80.2167,45.64,89,85,2.66,IN,1679164458
303,saskylakh,71.9167,114.0833,-25.31,94,100,12.91,RU,1679164459
304,sabang,5.8933,95.3214,81.3,80,100,13.65,ID,1679164460
305,mandalgovi,45.7625,106.2708,23.65,41,0,3.74,MN,1679164461
306,pochutla,15.7432,-96.4661,86.83,44,5,11.18,MX,1679164462
307,brae,60.3964,-1.353,41.83,75,100,22.64,GB,1679164463
308,sisimiut,66.9395,-53.6735,26.51,83,100,3.47,GL,1679164463
309,bairiki,1.3292,172.9752,77.0,94,40,4.61,KI,1679164464
310,jalu,29.0331,21.5482,62.13,40,0,6.46,LY,1679164464
311,saint-francois,46.4154,3.9054,51.24,76,0,5.75,FR,1679164465
312,tumut,-35.3,148.2167,69.19,36,100,4.27,AU,1679164465
313,luganville,-15.5333,167.1667,77.09,87,90,2.46,VU,1679164467
314,puerto ayacucho,5.6639,-67.6236,100.27,25,100,5.08,VE,1679164467
315,agnibilekrou,7.1344,-3.2047,76.28,74,100,3.49,CI,1679164469
316,vao,-22.6667,167.4833,77.58,85,44,23.0,NC,1679164469
317,abu samrah,35.3029,37.1841,50.49,88,95,14.03,SY,1679164471
318,mako,46.2167,20.4833,44.02,62,77,8.95,HU,1679164471
319,aguimes,27.9054,-15.4461,66.83,56,40,26.46,ES,1679164474
320,sompeta,18.9333,84.6,72.41,83,100,2.33,IN,1679164475
321,portland,45.5234,-122.6762,60.33,53,27,5.99,US,1679164203
322,bani,18.2833,-70.3333,85.44,51,34,17.49,DO,1679164476
323,nouadhibou,20.931,-17.0347,69.78,68,0,18.41,MR,1679164477
324,goderich,43.7501,-81.7165,24.91,68,100,24.16,CA,1679164478
325,bohicon,7.1783,2.0667,82.56,66,100,7.25,BJ,1679164480
326,leiyang,26.4024,112.8591,48.07,87,100,4.59,CN,1679164481
327,dawei,14.0833,98.2,74.34,91,2,1.79,MM,1679164481
328,segou,13.4317,-6.2157,91.13,6,0,9.64,ML,1679164483
329,myitkyina,25.3833,97.4,64.26,73,100,3.53,MM,1679164483
330,afonso claudio,-20.0742,-41.1239,78.13,84,55,3.44,BR,1679164484
331,aksarka,66.5606,67.7975,-8.54,98,33,5.55,RU,1679164484
332,presidente epitacio,-21.7633,-52.1156,75.34,86,100,1.59,BR,1679164486
333,berlevag,70.8578,29.0864,28.4,93,100,9.22,NO,1679164487
334,aldan,58.6031,125.3894,28.2,94,100,15.19,RU,1679164218
335,kaseda,31.4167,130.3167,53.89,67,100,13.06,JP,1679164489
336,dakar,14.6937,-17.4441,85.08,86,0,15.46,SN,1679164450
337,balabac,7.9868,117.0645,80.44,81,99,13.69,PH,1679164490
338,uzhur,55.3036,89.8339,27.79,95,45,4.0,RU,1679164490
339,tikrit,34.6071,43.6782,68.56,35,9,10.8,IQ,1679164491
340,san jose,37.3394,-121.895,69.76,50,75,10.36,US,1679164310
341,erenhot,43.6475,111.9767,30.99,18,2,5.73,CN,1679164493
342,lakhdenpokhya,61.5198,30.1992,34.57,82,100,15.17,RU,1679164494
343,trofors,65.5333,13.4063,33.67,97,93,3.78,NO,1679164494
344,sabha,27.0377,14.4283,70.77,22,14,12.26,LY,1679164495
345,chaoyang,41.5703,120.4586,39.61,21,2,4.52,CN,1679164495
346,bremerton,47.5673,-122.6326,61.59,57,0,3.0,US,1679164496
347,champerico,14.3,-91.9167,91.94,62,4,12.24,GT,1679164496
348,tecoanapa,16.5167,-98.75,84.76,57,0,10.98,MX,1679164497
349,rangia,26.4667,91.6333,75.15,57,98,7.38,IN,1679164497
350,bongaree,-27.0797,153.1586,78.22,67,96,6.8,AU,1679164498
351,dunedin,-45.8742,170.5036,53.8,67,5,3.0,NZ,1679164040
352,mayumba,-3.432,10.6554,79.0,83,100,0.38,GA,1679164500
353,northam,51.0333,-4.2167,49.6,96,100,16.28,GB,1679164501
354,behat,30.1667,77.6167,61.14,73,40,5.41,IN,1679164504
355,menongue,-14.6585,17.691,69.62,63,92,5.82,AO,1679164504
356,arica,-18.475,-70.3042,83.75,53,0,16.11,CL,1679164288
357,vila velha,-20.3297,-40.2925,82.35,83,20,10.36,BR,1679164390
358,newport,51.5877,-2.9984,53.06,89,42,9.44,GB,1679164506
359,omsukchan,62.5333,155.8,10.49,93,100,7.94,RU,1679164506
360,narasannapeta,18.4167,84.05,71.13,82,100,6.76,IN,1679164507
361,khash,28.2211,61.2158,62.74,39,5,3.18,IR,1679164507
362,lasa,46.6166,10.7002,52.68,94,54,2.39,IT,1679164509
363,kolosovka,56.4678,73.611,21.47,87,100,19.8,RU,1679164509
364,ilulissat,69.2167,-51.1,23.02,54,75,4.61,GL,1679164511
365,verkh-usugli,52.7,115.1667,14.61,93,16,4.23,RU,1679164512
366,yuzhno-kurilsk,44.0306,145.8556,30.11,80,63,7.49,RU,1679164512
367,santiago,-33.4569,-70.6483,87.24,33,0,14.97,CL,1679164512
368,catamarca,-28.4696,-65.7852,95.77,35,14,4.0,AR,1679164389
369,iracoubo,5.4802,-53.2011,81.95,56,100,8.61,GF,1679164516
370,rio gallegos,-51.6226,-69.2181,60.85,25,75,20.71,AR,1679164517
371,gold coast,-28.0,153.4333,75.0,94,44,4.61,AU,1679164518
372,coolum beach,-26.5333,153.1,72.34,98,86,6.64,AU,1679164518
373,half moon bay,37.4636,-122.4286,69.8,71,0,5.75,US,1679164519
374,isakly,54.1333,51.5333,26.69,84,100,14.52,RU,1679164519
375,richards bay,-28.783,32.0377,75.85,87,3,10.83,ZA,1679164320
376,adrar,20.5022,-10.0711,85.77,8,0,7.25,MR,1679164520
377,reconquista,-29.15,-59.65,90.63,48,67,5.08,AR,1679164521
378,praia da vitoria,38.7333,-27.0667,66.45,82,20,21.74,PT,1679164521
379,teocelo,19.3833,-96.9667,63.55,91,100,4.94,MX,1679164523
380,opuwo,-18.0607,13.84,74.71,36,62,6.44,NA,1679164523
381,verkh-neyvinskiy,57.2701,60.1376,19.74,83,11,5.23,RU,1679164524
382,talcahuano,-36.7167,-73.1167,73.08,60,0,12.66,CL,1679164414
383,tiarei,-17.5333,-149.3333,84.22,79,99,13.69,PF,1679164525
384,vera cruz,-12.6333,-41.0333,83.77,36,71,2.62,BR,1679164526
385,durban,-29.8579,31.0292,79.02,92,4,1.01,ZA,1679164378
386,avera,33.194,-82.5271,57.9,30,93,15.93,US,1679164533
387,havelock,34.8791,-76.9013,53.55,92,100,12.66,US,1679164534
388,venice,27.0998,-82.4543,84.11,78,0,13.8,US,1679164293
389,the valley,18.217,-63.0578,82.26,50,20,19.57,AI,1679164535
390,xining,36.6167,101.7667,36.54,63,100,1.52,CN,1679164535
391,tuatapere,-46.1333,167.6833,54.45,88,31,5.37,NZ,1679164536
392,miri,4.4148,114.0089,75.34,94,40,3.44,MY,1679164536
393,enid,36.3956,-97.8784,42.03,35,0,19.57,US,1679164537
394,asau,46.4333,26.4,34.72,88,6,0.92,RO,1679164537
395,cairns,-16.9167,145.7667,77.07,97,100,10.36,AU,1679164538
396,carballo,43.213,-8.691,57.06,93,94,2.84,ES,1679164539
397,kalmunai,7.4167,81.8167,78.44,84,11,3.38,LK,1679164540
398,naze,28.3667,129.4833,59.92,64,100,12.55,JP,1679164542
399,gumdag,39.2061,54.5906,57.67,70,24,6.62,TM,1679164542
400,sinnamary,5.3833,-52.95,82.15,57,99,8.77,GF,1679164543
401,bonthe,7.5264,-12.505,78.96,72,100,9.82,SL,1679164543
402,knyaze-volkonskoye,48.4642,135.4567,23.34,91,97,9.13,RU,1679164544
403,gornopravdinsk,60.05,69.9,4.69,91,6,6.85,RU,1679164544
404,maputo,-25.9653,32.5892,82.08,86,40,12.66,MZ,1679164320
405,carandai,-20.9536,-43.8064,73.44,76,44,5.77,BR,1679164547
406,falam,22.9167,93.6833,55.22,71,27,3.36,MM,1679164547
407,mapiripan,2.8892,-72.1256,94.06,35,90,8.9,CO,1679164548
408,ler,8.3018,30.1418,88.95,35,100,2.33,SS,1679164551
409,torbay,47.6666,-52.7314,38.39,93,100,14.97,CA,1679164551
410,kropotkin,45.4375,40.5756,50.07,85,100,7.29,RU,1679164456
411,nacala,-14.5428,40.6728,76.03,91,100,4.5,MZ,1679164554
412,hobyo,5.3505,48.5268,82.67,76,100,11.81,SO,1679164555
413,paracatu,-17.2222,-46.8747,81.46,51,100,6.35,BR,1679164556
414,ankazobe,-18.3167,47.1167,68.05,84,100,1.9,MG,1679164558
415,volcan,8.7667,-82.6333,73.51,73,68,2.98,PA,1679164558
416,yar-sale,66.8333,70.8333,-0.76,96,49,11.61,RU,1679164559
417,khargone,21.8167,75.6,74.86,49,15,3.71,IN,1679164560
418,pestretsy,55.7531,49.6545,26.74,87,6,9.84,RU,1679164560
419,taonan,45.3333,122.7833,34.0,46,2,6.17,CN,1679164561
420,waddan,29.1614,16.139,63.37,34,0,11.21,LY,1679164562
421,alta floresta,-9.8756,-56.0861,84.02,70,75,13.8,BR,1679164562
422,verkhoyansk,67.5447,133.385,-1.35,97,100,5.73,RU,1679164563
423,gladstone,-23.85,151.25,73.78,88,37,5.75,AU,1679164564
424,pangai,-19.8,-174.35,80.82,78,100,7.9,TO,1679164565
425,lloydminster,53.2835,-110.0016,19.62,68,75,6.91,CA,1679164361
426,atambua,-9.1061,124.8925,72.25,90,14,2.98,ID,1679164566
427,corpus christi,27.8006,-97.3964,53.69,61,100,16.11,US,1679164567
428,kilindoni,-7.9139,39.6668,83.08,76,92,13.89,TZ,1679164569
429,krasnoselkup,65.7,82.4667,-22.79,98,6,8.55,RU,1679164569
430,ahipara,-35.1667,173.1667,59.36,84,84,7.43,NZ,1679164570
431,bosaso,11.2842,49.1816,80.22,84,39,0.63,SO,1679164570
432,serenje,-13.2325,30.2352,60.73,98,44,3.65,ZM,1679164571
433,santiago de cao,-7.9589,-79.2392,84.33,74,20,12.66,PE,1679164572
434,olafsvik,64.8945,-23.7142,30.61,65,28,15.1,IS,1679164573
435,male,4.1748,73.5089,84.15,79,75,5.75,MV,1679164326
436,jumla,29.2747,82.1838,40.59,89,75,2.68,NP,1679164574
437,muskogee,35.5834,-95.3336,42.96,38,0,16.11,US,1679164574
438,kahta,37.7855,38.6237,53.04,82,75,10.36,TR,1679164577
439,carauari,-4.8828,-66.8958,88.88,56,93,2.44,BR,1679164578
440,coronado,32.6859,-117.1831,77.52,39,20,6.91,US,1679164579
441,nanpiao,41.0982,120.7479,41.16,21,6,4.14,CN,1679164580
442,muli,2.9167,73.5667,82.18,71,99,2.71,MV,1679164581
443,harwich,51.9419,1.2844,51.01,84,43,5.01,GB,1679164582
444,jamai,22.2,78.5833,66.06,71,92,2.71,IN,1679164582
445,port alberni,49.2413,-124.8028,51.64,57,18,3.15,CA,1679164583
446,kyabe,9.4515,18.9449,86.9,34,73,3.22,TD,1679164584
447,kovdor,67.5662,30.4758,30.43,97,100,8.46,RU,1679164298
448,worland,44.0169,-107.9554,39.6,57,0,4.61,US,1679164586
449,alekseyevka,50.6309,38.6903,36.7,77,100,13.98,RU,1679164586
450,nome,64.5011,-165.4064,-7.83,70,0,4.61,US,1679164587
451,guaimaro,21.05,-77.35,86.85,43,100,5.32,CU,1679164587
452,la rioja,42.25,-2.5,44.38,83,81,2.84,ES,1679164588
453,candido de abreu,-24.5669,-51.3333,83.62,48,1,3.74,BR,1679164588
454,asyut,27.181,31.1837,63.81,32,0,10.29,EG,1679164589
455,blagoyevo,63.3667,47.9167,18.84,94,100,7.4,RU,1679164590
456,san quintin,30.4833,-115.95,65.14,50,0,6.78,MX,1679164590
457,saint anthony,45.0205,-93.218,24.93,53,0,17.27,US,1679164591
458,korla,41.7597,86.1469,51.66,28,1,8.9,CN,1679164593
459,ust-kuyga,70.0167,135.6,-19.75,99,100,3.2,RU,1679164593
460,yamada,39.4667,141.95,34.41,74,9,6.38,JP,1679164594
461,kulhudhuffushi,6.6221,73.07,82.49,71,60,2.13,MV,1679164594
462,chkalovskoye,44.8392,133.0436,24.17,82,4,6.15,RU,1679164595
463,oberstdorf,47.4,10.2833,50.63,88,84,5.73,DE,1679164595
464,gaya,24.7833,85.0,69.71,78,100,4.61,IN,1679164596
465,marawi,7.9986,124.2928,66.78,96,100,0.54,PH,1679164597
466,lagos,6.5833,3.75,82.29,78,100,7.56,NG,1679164597
467,pekin,39.9075,116.3972,33.69,21,24,2.46,CN,1679164513
468,cherskiy,68.75,161.3,10.22,89,22,7.76,RU,1679164592
469,alice springs,-23.7,133.8833,81.95,51,2,9.22,AU,1679164599
470,riviere-au-renard,48.9957,-64.3971,35.89,99,100,8.05,CA,1679164600
471,isangel,-19.55,169.2667,78.13,85,29,4.34,VU,1679164601
472,burns lake,54.2331,-125.7533,27.82,92,100,2.13,CA,1679164602
473,svetlaya,46.5389,138.3297,26.38,79,10,6.85,RU,1679164602
474,kyren,51.6828,102.1408,19.53,70,4,2.01,RU,1679164603
475,severo-yeniseyskiy,60.3725,93.0408,26.92,96,100,9.24,RU,1679164606
476,fort saint james,54.4333,-124.25,32.85,94,98,2.42,CA,1679164607
477,dromolaxia,34.8761,33.586,57.72,76,40,10.0,CY,1679164607
478,omboue,-1.5746,9.2618,79.43,84,18,7.14,GA,1679164608
479,darhan,49.4867,105.9228,16.0,89,5,5.21,MN,1679164608
480,nanakuli,21.3906,-158.1547,79.61,88,100,4.61,US,1679164610
481,tezu,27.9167,96.1667,63.9,79,75,3.31,IN,1679164610
482,kyra,49.5776,111.9753,13.96,92,5,4.34,RU,1679164612
483,okha,53.5739,142.9478,9.46,87,76,9.53,RU,1679164613
484,ust-tarka,55.5672,75.705,31.15,98,100,13.91,RU,1679164613
485,fuerte olimpo,-21.0415,-57.8738,81.39,80,93,5.06,PY,1679164614
486,ixtapa,20.7,-105.2,79.83,44,0,8.05,MX,1679164614
487,ndende,-2.4008,11.3581,76.66,87,100,3.53,GA,1679164615
488,ravar,31.2656,56.8055,65.46,23,0,2.77,IR,1679164615
489,wewak,-3.5534,143.6268,76.95,86,100,4.63,PG,1679164616
490,butzow,53.85,11.9833,53.2,89,100,3.62,DE,1679164617
491,rennes,48.1667,-1.6667,55.44,82,100,6.91,FR,1679164617
492,aksu,41.1231,80.2644,49.06,34,0,2.53,CN,1679164618
493,feijo,-8.1642,-70.3536,77.58,88,100,1.19,BR,1679164619
494,kaka,37.3482,59.6143,59.72,46,15,7.72,TM,1679164620
495,rocha,-34.4833,-54.3333,77.18,72,88,10.56,UY,1679164620
496,hamilton,39.1834,-84.5333,36.61,51,100,23.02,US,1679164621
497,puerto guzman,0.9703,-76.5858,84.24,67,100,1.19,CO,1679164621
498,pacific grove,36.6177,-121.9166,68.41,63,0,10.0,US,1679164622
499,tiznit,29.5833,-9.5,57.51,74,25,9.08,MA,1679164623
500,waitati,-45.75,170.5667,53.8,67,15,5.28,NZ,1679164623
501,kamskiye polyany,55.4307,51.4171,27.41,81,10,12.08,RU,1679164624
502,buta,2.7858,24.73,69.82,91,100,2.73,CD,1679164624
503,atar,20.5169,-13.0499,92.26,12,0,18.01,MR,1679164626
504,pemba,-12.974,40.5178,81.3,83,20,6.91,MZ,1679164626
505,san andres,12.5847,-81.7006,86.02,62,20,9.22,CO,1679164627
506,carutapera,-1.195,-46.02,77.4,92,98,4.07,BR,1679164628
507,boone,39.0334,-92.3335,27.41,50,100,18.19,US,1679164629
508,castelo branco,39.8222,-7.4909,52.36,79,0,8.81,PT,1679164630
509,san cristobal,7.7669,-72.225,73.58,49,99,1.86,VE,1679164242
510,bukoba,-1.3317,31.8122,69.78,83,20,0.0,TZ,1679164632
511,bogovarovo,58.9785,47.0246,5.61,98,60,3.06,RU,1679164632
512,caravelas,-17.7125,-39.2481,82.92,64,0,7.81,BR,1679164633
513,goundam,16.4145,-3.6708,83.62,6,0,7.99,ML,1679164634
514,baghdad,33.3406,44.4009,73.31,38,0,13.8,IQ,1679164403
515,kiama,-34.6833,150.8667,71.01,87,7,6.29,AU,1679164637
516,vitim,59.4511,112.5578,33.53,96,100,13.91,RU,1679164638
517,clyde river,70.4692,-68.5914,-18.17,76,0,3.44,CA,1679164639
518,fairbanks,64.8378,-147.7164,24.22,80,0,0.0,US,1679164641
519,ola,59.5833,151.2833,13.3,96,100,6.76,RU,1679164642
520,zeya,53.75,127.2667,19.98,100,100,1.03,RU,1679164466
521,havoysund,70.9963,24.6622,28.63,81,100,5.14,NO,1679164643
522,kungurtug,50.5994,97.5228,9.28,95,20,1.79,RU,1679164644
523,savalou,7.9281,1.9756,82.67,55,100,8.32,BJ,1679164644
524,xuddur,4.1213,43.8894,84.33,46,100,10.85,SO,1679164646
525,bronnitsy,55.4194,38.2708,32.52,51,0,6.71,RU,1679164647
526,agua verde,22.9,-106.05,78.89,56,98,9.13,MX,1679164648
527,fort-shevchenko,44.5086,50.263,53.46,46,0,5.39,KZ,1679164649
528,bolzano,46.4927,11.3336,58.95,40,0,10.36,IT,1679164444
529,tessalit,20.1986,1.0114,84.54,6,0,11.05,ML,1679164652
530,tura,25.5198,90.2201,68.45,64,100,2.55,IN,1679164654
531,marystown,47.1666,-55.1483,37.02,83,94,7.87,CA,1679164655
532,lovozero,68.005,35.0117,27.23,97,100,8.19,RU,1679164656
533,tutoia,-2.7619,-42.2744,74.88,91,100,6.58,BR,1679164657
534,kirakira,-10.4544,161.9205,79.16,83,36,2.89,SB,1679164658
535,port lincoln,-34.7333,135.8667,63.77,82,100,13.35,AU,1679164658
536,sorland,67.667,12.6934,33.66,66,100,23.38,NO,1679164659
537,buala,-8.145,159.5921,78.84,82,27,1.63,SB,1679164659
538,rio grande,-32.035,-52.0986,87.91,71,100,11.3,BR,1679164525
539,gubin,51.9496,14.7284,51.1,75,23,6.87,PL,1679164660
540,baruun-urt,46.6806,113.2792,24.39,34,0,8.5,MN,1679164661
541,asbury park,40.2204,-74.0121,54.09,40,0,11.5,US,1679164661
542,ushibuka,32.1906,130.0228,53.42,68,65,10.58,JP,1679164662
543,dudinka,69.4058,86.1778,-34.1,100,99,1.7,RU,1679164663
544,moses lake,47.1301,-119.2781,48.88,57,0,3.44,US,1679164665
545,padang,-0.9492,100.3543,77.05,88,100,3.94,ID,1679164625
546,zhigansk,66.7697,123.3711,-15.99,99,86,11.03,RU,1679164667
547,tres arroyos,-38.3739,-60.2798,70.72,56,83,13.35,AR,1679164482
548,sept-iles,50.2001,-66.3821,34.23,96,100,10.36,CA,1679164672
549,kimbe,-5.5502,150.1429,74.66,93,9,2.82,PG,1679164672
